{"stat.useItem.minecraft.bow":3,"stat.drop.minecraft.waterlily":1,"stat.pickup.minecraft.wooden_slab":4,"stat.leaveGame":4,"maug.kill":2,"darkling.kill":1,"stat.useItem.realistictorches.matchbox":7,"stat.craftItem.minecraft.iron_axe":1,"stat.killEntity.trumpetskeleton.TrumpetSkeleton":1,"stat.craftItem.minecraft.string":4,"ventoraptor.kill":4,"stat.mineBlock.charm.barrel":1,"stat.useItem.minecraft.planks":27,"stat.mineBlock.minecraft.web":3,"stat.pickup.firstaid.bandage":14,"stat.pickup.minecraft.glowstone_dust":3,"stat.pickup.minecraft.porkchop":12,"stat.pickup.minecraft.rotten_flesh":2,"silex.kill":2,"stat.pickup.minecraft.sand":6,"stat.craftItem.minecraft.stone_axe":3,"stat.killEntity.Enderman":1,"stat.craftItem.minecraft.stone_sword":4,"stat.pickup.minecraft.brown_mushroom":1,"stat.mineBlock.minecraft.sand":9,"stat.useItem.notreepunching.pickaxe/flint":22,"stat.pickup.quark.tallow":11,"stat.craftItem.realistictorches.matchbox":1,"stat.useItem.minecraft.iron_pickaxe":35,"stat.craftItem.simpledifficulty.purified_water_bottle":35,"stat.pickup.minecraft.armor_stand":1,"stat.useItem.notreepunching.knife/flint":144,"stat.pickup.rustic.wildberries":1,"banshee.kill":2,"stat.useItem.spartanfire.greatsword_ice_dragonbone":1,"stat.furnaceInteraction":107,"stat.mineBlock.minecraft.rail":1,"stat.craftItem.spartanweaponry.material":1,"stat.killEntity.ZombieVillager":1,"stat.pickup.simpledifficulty.wool_leggings":2,"stat.pickup.realistictorches.torch_unlit":6,"stat.pickup.lycanitesmobs.bansheeeye":1,"stat.pickup.minecraft.filled_map":5,"stat.useItem.realistictorches.torch_unlit":16,"stat.pickup.minecraft.furnace":3,"stat.useItem.minecraft.cooked_mutton":7,"stat.pickup.lycanitesmobs.spectralboltcharge":2,"stat.useItem.rustic.wildberries":4,"stat.useItem.minecraft.fence":23,"stat.pickup.minecraft.skull":5,"stat.pickup.minecraft.stone_stairs":3,"stat.mineBlock.minecraft.fence":1,"stat.useItem.minecraft.wheat_seeds":10,"stat.pickup.simpledifficulty.wool_boots":2,"stat.pickup.foodexpansion.itemsquid":1,"stat.pickup.dynamictrees.oakseed":1,"stat.pickup.lycanitesmobs.raw_krake_meat":6,"stat.deaths":9,"stat.pickup.minecraft.egg":3,"stat.playOneMinute":324769,"stat.pickup.minecraft.item_frame":20,"stat.pickup.realistictorches.matchbox":1,"stat.mineBlock.minecraft.tallgrass":187,"stat.craftItem.minecraft.cooked_mutton":27,"stat.fishCaught":2,"stat.pickup.minecraft.cooked_mutton":56,"stat.chestOpened":283,"stat.pickup.minecraft.waterlily":1,"stat.pickup.minecraft.arrow":37,"stat.pickup.minecraft.iron_sword":2,"uvaraptor.kill":1,"stat.useItem.minecraft.experience_bottle":3,"stat.fallOneCm":71505,"stat.crouchOneCm":49777,"stat.mineBlock.minecraft.chest":2,"stat.pickup.minecraft.rail":4,"stat.craftItem.minecraft.iron_ingot":25,"stat.pickup.charm.barrel":1,"stat.useItem.lycanitesmobs.caecilian_ramen":2,"stat.craftItem.simpledifficulty.wool_chestplate":1,"stat.craftingTableInteraction":85,"stat.pickup.iceandfire.silver_ore":2,"stat.pickup.minecraft.feather":14,"stat.pickup.minecraft.dye":5,"stat.pickup.minecraft.planks":118,"chupacabra.kill":1,"stat.pickup.minecraft.wheat_seeds":21,"tremor.kill":1,"stat.mineBlock.minecraft.gravel":115,"stat.useItem.minecraft.stone_pickaxe":117,"stat.craftItem.notreepunching.pickaxe/flint":1,"stat.useItem.minecraft.stone_sword":205,"stat.useItem.minecraft.wool":1,"stat.mineBlock.minecraft.dirt":76,"stat.pickup.lycanitesmobs.raw_silex_meat":2,"stat.flowerPotted":1,"feradon.kill":3,"stat.mineBlock.iceandfire.silver_ore":2,"stat.pickup.minecraft.crafting_table":5,"stat.useItem.minecraft.log":49,"stat.useItem.minecraft.cobblestone":4,"stat.pickup.lycanitesmobs.ventoraptorskull":2,"stat.craftItem.minecraft.crafting_table":1,"stat.useItem.minecraft.gravel":115,"stat.mineBlock.minecraft.double_plant":3,"stat.craftItem.minecraft.boat":2,"stat.craftItem.firstaid.bandage":14,"stat.pickup.minecraft.log":93,"stat.mineBlock.lycanitesmobs.lushcrystal":1,"stat.pickup.minecraft.compass":6,"stat.pickup.minecraft.iron_pickaxe":2,"stat.craftItem.realistictorches.torch_unlit":12,"stat.useItem.minecraft.yellow_flower":2,"stat.pickup.minecraft.chicken":4,"stat.entityKilledBy.Enderman":1,"stat.pickup.minecraft.apple":10,"stat.pickup.notreepunching.flint_shard":8,"stat.drop.dynamictrees.oakseed":1,"stat.craftItem.minecraft.bucket":1,"stat.useItem.minecraft.iron_sword":18,"stat.pickup.minecraft.stone_sword":4,"stat.mineBlock.minecraft.log":5,"stat.craftItem.minecraft.cooked_chicken":4,"stat.useItem.minecraft.stone_hoe":13,"stat.craftItem.notreepunching.axe/flint":1,"stat.pickup.minecraft.red_flower":5,"stat.sneakTime":13432,"stat.pickup.minecraft.wool":93,"stat.pickup.minecraft.stone_slab":5,"stat.pickup.minecraft.yellow_flower":4,"stat.mineBlock.lycanitesmobs.lushstonebrick":3,"stat.craftItem.notreepunching.knife/flint":3,"stat.craftItem.simpledifficulty.wool_leggings":1,"stat.craftItem.minecraft.cobblestone":49,"stat.drop.minecraft.grass":1,"stat.pickup.minecraft.chest":2,"stat.useItem.notreepunching.rock/andesite":2,"stat.pickup.minecraft.bone":24,"stat.horseOneCm":703356,"stat.mineBlock.minecraft.cobblestone":11,"stat.pickup.minecraft.stone_pickaxe":4,"stat.pickup.minecraft.flint":11,"stat.mineBlock.minecraft.yellow_flower":6,"stat.pickup.minecraft.leather_chestplate":1,"stat.mineBlock.minecraft.brown_mushroom":1,"stat.pickup.minecraft.flower_pot":1,"stat.pickup.spartanweaponry.longsword_stone":2,"stat.craftItem.notreepunching.grass_string":20,"stat.swimOneCm":65080,"stat.climbOneCm":34151,"stat.useItem.spartanweaponry.rapier_iron":39,"stat.craftItem.minecraft.saddle":1,"stat.pickup.minecraft.cooked_porkchop":13,"stat.drop.minecraft.brown_mushroom":1,"stat.pickup.minecraft.writable_book":3,"stat.craftItem.minecraft.arrow":16,"stat.useItem.minecraft.dirt":25,"stat.useItem.minecraft.stone_slab2":96,"stat.pickup.minecraft.bow":2,"stat.pickup.spartanweaponry.rapier_iron":2,"stat.pickup.minecraft.iron_boots":1,"stat.craftItem.minecraft.furnace":1,"stat.pickup.minecraft.map":7,"stat.craftItem.minecraft.iron_boots":1,"stat.pickup.rustic.cohosh":3,"stat.craftItem.minecraft.stone_pickaxe":1,"stat.craftItem.simpledifficulty.wool_boots":1,"stat.craftItem.foodexpansion.itemcookedsquid":1,"stat.pickup.minecraft.shears":2,"stat.pickup.minecraft.cobblestone":14,"stat.craftItem.minecraft.bow":1,"stat.useItem.minecraft.stone_shovel":142,"stat.craftItem.minecraft.glass_bottle":6,"stat.flyOneCm":806683,"stat.pickup.minecraft.glass_bottle":4,"stat.pickup.minecraft.soul_sand":2,"stat.pickup.minecraft.fish":12,"stat.craftItem.minecraft.wooden_slab":6,"stat.craftItem.simpledifficulty.wool_helmet":1,"stat.pickup.minecraft.redstone":5,"stat.mineBlock.minecraft.iron_ore":25,"stat.timeSinceDeath":23106,"stat.pickup.minecraft.mutton":31,"stat.pickup.lycanitesmobs.frostyfur":5,"krake.kill":8,"stat.useItem.minecraft.cooked_porkchop":8,"stat.pickup.minecraft.iron_shovel":1,"stat.mineBlock.minecraft.coal_ore":28,"stat.killEntity.Creeper":6,"stat.craftItem.minecraft.stone_hoe":1,"stat.talkedToVillager":7,"stat.craftItem.mujmajnkraftsbettersurvival.itemsmallshield":1,"stat.craftItem.lycanitesmobs.cooked_krake_meat":4,"stat.pickup.minecraft.string":21,"grue.kill":1,"stat.craftItem.minecraft.stone_slab2":0,"stat.useItem.minecraft.written_book":2,"stat.mineBlock.realistictorches.torch_unlit":6,"stat.killEntity.Squid":1,"stat.sprintOneCm":593468,"stat.pickup.minecraft.bone_block":9,"stat.craftItem.minecraft.stone":3,"stat.craftItem.minecraft.armor_stand":1,"stat.mineBlock.minecraft.diamond_ore":1,"stat.mineBlock.minecraft.crafting_table":5,"stat.pickup.minecraft.leather_leggings":4,"stat.pickup.mujmajnkraftsbettersurvival.itemsmallshield":5,"stat.mineBlock.minecraft.planks":14,"stat.drop":5,"stat.craftItem.minecraft.leather_chestplate":1,"stat.killEntity.Sheep":9,"stat.killEntity.Zombie":10,"vespid.kill":1,"stat.diveOneCm":56974,"stat.pickup.minecraft.wheat":54,"stat.pickup.simpledifficulty.wool_helmet":1,"stat.pickup.lycanitesmobs.caecilian_ramen":3,"stat.pickup.minecraft.gravel":132,"stat.useItem.minecraft.glass_bottle":35,"stat.pickup.quark.glass_item_frame":3,"stat.craftItem.minecraft.cooked_porkchop":8,"stat.pickup.minecraft.stone_axe":2,"abaia.kill":2,"stat.pickup.simpledifficulty.purified_water_bottle":19,"stat.pickup.minecraft.obsidian":8,"stat.jump":4089,"stat.pickup.minecraft.coal":98,"stat.pickup.minecraft.iron_helmet":1,"stat.useItem.minecraft.stone_axe":89,"stat.useItem.notreepunching.axe/flint":5,"stat.craftItem.minecraft.bread":21,"stat.pickup.minecraft.gunpowder":2,"stat.craftItem.spartanweaponry.longsword_stone":1,"stat.pickup.minecraft.dirt":41,"stat.mineBlock.lycanitesmobs.lushstonepolished":2,"stat.craftItem.minecraft.iron_helmet":1,"stat.useItem.minecraft.cooked_chicken":4,"stat.pickup.minecraft.iron_ore":25,"stat.pickup.minecraft.stone_shovel":3,"stat.craftItem.lycanitesmobs.caecilian_ramen":2,"stat.boatOneCm":100645,"stat.pickup.lycanitesmobs.poisongland":3,"reaper.kill":1,"stat.useItem.spartanweaponry.longsword_stone":38,"stat.mineBlock.minecraft.stone_stairs":2,"stat.damageTaken":5623,"stat.pickup.minecraft.leather":20,"stat.pickup.notreepunching.rock/stone":197,"stat.mineBlock.minecraft.furnace":3,"stat.mineBlock.minecraft.red_flower":4,"stat.pickup.classyhats.hat":6,"stat.pickup.minecraft.bed":6,"stat.entityKilledBy.Zombie":1,"stat.damageDealt":14096,"stat.craftItem.minecraft.glass":6,"stat.pickup.simpledifficulty.wool_chestplate":1,"stat.sleepInBed":19,"stat.craftItem.minecraft.bowl":4,"stat.killEntity.Cow":1,"stat.killEntity.Pig":6,"stat.craftItem.minecraft.stone_slab":6,"stat.useItem.foodexpansion.itemcookedsquid":1,"stat.pickup.minecraft.boat":8,"stat.walkOneCm":971830,"stat.animalsBred":10,"lurker.kill":2,"stat.useItem.minecraft.chest":1,"stat.drop.minecraft.item_frame":3,"stat.pickup.minecraft.stick":103,"stat.pickup.minecraft.clay_ball":2,"stat.pickup.notreepunching.grass_fiber":60,"stat.useItem.minecraft.item_frame":4,"stat.mineBlock.lycanitesmobs.lushstonechiseled":3,"stat.craftItem.minecraft.iron_chestplate":1,"stat.mineBlock.minecraft.wool":5,"stat.killEntity.Skeleton":4,"stat.mineBlock.minecraft.stonebrick":6,"stat.killEntity.Chicken":4,"stat.killEntity.Spider":5,"stat.pickup.minecraft.bread":69,"stat.mobKills":82,"stat.craftItem.minecraft.shears":1,"stat.craftItem.minecraft.fence":33,"stat.useItem.minecraft.boat":6,"stat.pickup.minecraft.diamond":1,"stat.pickup.minecraft.torch":1,"stat.mineBlock.minecraft.redstone_ore":1,"stat.mineBlock.minecraft.bone_block":9,"stat.useItem.minecraft.map":1,"stat.mineBlock.minecraft.stone":69}