{"stat.drop.minecraft.stone_pickaxe":1,"stat.useItem.minecraft.bow":57,"stat.pickup.minecraft.bone":268,"stat.pickup.lycanitesmobs.chaosorbcharge":3,"stat.useItem.minecraft.iron_axe":18,"maug.kill":1,"stat.leaveGame":1,"stat.mineBlock.minecraft.cobblestone":35,"stat.pickup.minecraft.stone_pickaxe":3,"stat.pickup.minecraft.flint":4,"stat.killEntity.trumpetskeleton.TrumpetSkeleton":1,"stat.craftItem.notreepunching.grass_string":3,"stat.swimOneCm":12444,"ventoraptor.kill":4,"stat.useItem.minecraft.planks":18,"stat.climbOneCm":29204,"stat.pickup.minecraft.enchanted_book":1,"stat.mineBlock.minecraft.web":5,"stat.pickup.minecraft.cooked_porkchop":12,"stat.pickup.minecraft.glowstone_dust":6,"stat.drop.minecraft.bowl":2,"stat.useItem.minecraft.dirt":4,"stat.useItem.minecraft.stone_slab2":63,"stat.pickup.minecraft.bow":14,"stat.useItem.minecraft.water_bucket":1,"stat.mineBlock.minecraft.stone_brick_stairs":11,"stat.pickup.minecraft.rotten_flesh":171,"stat.pickup.minecraft.stone_hoe":1,"stat.pickup.roughtweaks.plaster":4,"stat.pickup.minecraft.map":1,"stat.pickup.minecraft.bucket":1,"stat.craftItem.minecraft.stone_pickaxe":2,"stat.craftItem.minecraft.cooked_beef":19,"stat.pickup.minecraft.cobblestone":40,"stat.pickup.minecraft.leather_boots":2,"stat.bountiesCommon":2,"stat.useItem.locks.wood_lock_pick":1,"eechetik.kill":1,"stat.craftItem.minecraft.stone_sword":1,"stat.flyOneCm":382259,"stat.pickup.minecraft.glass_bottle":2,"stat.mineBlock.minecraft.emerald_block":2,"stat.pickup.minecraft.brown_mushroom":2,"stat.useItem.notreepunching.pickaxe/flint":45,"stat.pickup.charm.record_piano1":1,"wraamon.kill":1,"stat.craftItem.minecraft.wooden_slab":6,"stat.pickup.minecraft.redstone":19,"stat.craftItem.realistictorches.matchbox":2,"stat.mineBlock.minecraft.iron_ore":54,"stat.timeSinceDeath":25967,"stat.hopperInspected":1,"stat.useItem.minecraft.iron_pickaxe":119,"stat.craftItem.minecraft.wooden_pickaxe":1,"stat.pickup.minecraft.mutton":4,"stat.pickup.minecraft.mossy_cobblestone":29,"stat.useItem.minecraft.iron_shovel":7,"stat.craftItem.simpledifficulty.purified_water_bottle":4,"stat.pickup.lycanitesmobs.frostyfur":2,"stat.pickup.minecraft.armor_stand":1,"stat.craftItem.minecraft.bed":1,"stat.trappedChestTriggered":7,"stat.useItem.notreepunching.knife/flint":46,"stat.pickup.minecraft.chainmail_helmet":6,"stat.pickup.lycanitesmobs.frostboltcharge":6,"stat.mineBlock.minecraft.vine":2,"stat.pickup.minecraft.stonebrick":53,"stat.furnaceInteraction":54,"stat.pickup.minecraft.iron_shovel":3,"stat.craftItem.spartanweaponry.material":1,"stat.killEntity.ZombieVillager":2,"stat.mineBlock.minecraft.coal_ore":98,"stat.killEntity.Creeper":3,"stat.talkedToVillager":4,"stat.pickup.realistictorches.torch_unlit":1,"stat.pickup.minecraft.wooden_sword":1,"stat.craftItem.mujmajnkraftsbettersurvival.itemsmallshield":1,"stat.pickup.scalinghealth.healingitem":7,"stat.craftItem.realistictorches.torch_lit":64,"stat.craftItem.minecraft.leather_helmet":1,"stat.pickup.minecraft.string":10,"stat.useItem.spartanweaponry.dagger_bronze":6,"stat.pickup.minecraft.beef":14,"grue.kill":1,"stat.pickup.minecraft.furnace":6,"stat.useItem.charm.suspicious_soup":2,"stat.craftItem.minecraft.stone_slab2":0,"stat.useItem.realistictorches.torch_lit":38,"stat.pickup.lycanitesmobs.spectralboltcharge":3,"stat.sprintOneCm":587435,"stat.pickup.minecraft.paper":6,"stat.pickup.minecraft.iron_chestplate":7,"stat.mineBlock.minecraft.stone_slab":7,"stat.pickup.minecraft.skull":6,"stat.useItem.minecraft.stone_slab":4,"stat.pickup.lycanitesmobs.poopcharge":2,"stat.useItem.carryon.tile_item":5,"stat.pickup.realistictorches.torch_lit":62,"stat.pickup.wolfarmor.chainmail_wolf_armor":1,"stat.mineBlock.minecraft.fence":3,"stat.useItem.minecraft.wheat_seeds":20,"stat.mineBlock.minecraft.crafting_table":5,"stat.pickup.charm.suspicious_soup":2,"stat.waystones:waystonesActivated":2,"stat.pickup.minecraft.saddle":1,"conba.kill":1,"stat.useItem.spartanweaponry.halberd_iron":9,"stat.pickup.mujmajnkraftsbettersurvival.itemsmallshield":4,"stat.pickup.spartanweaponry.halberd_iron":1,"stat.deaths":9,"stat.mineBlock.minecraft.planks":10,"stat.pickup.lycanitesmobs.geistliver":4,"stat.drop":18,"stat.playOneMinute":222164,"stat.pickup.lycanitesmobs.uvaraptorskull":2,"stat.useItem.minecraft.wooden_sword":30,"stat.pickup.lycanitesmobs.soulstone":2,"stat.pickup.minecraft.slime_ball":2,"stat.craftItem.minecraft.iron_pickaxe":1,"stat.pickup.minecraft.item_frame":8,"stat.killEntity.Zombie":35,"stat.drop.minecraft.chest":17,"stat.pickup.minecraft.snowball":10,"stat.pickup.realistictorches.matchbox":2,"stat.pickup.minecraft.iron_bars":1,"stat.pickup.spartanweaponry.hammer_iron":8,"stat.mineBlock.minecraft.tallgrass":117,"stat.pickup.spartanweaponry.dagger_bronze":2,"stat.craftItem.minecraft.cooked_mutton":3,"stat.diveOneCm":1095,"stat.pickup.minecraft.wheat":36,"stat.pickup.minecraft.cooked_mutton":6,"stat.chestOpened":322,"stat.mineBlock.minecraft.mossy_cobblestone":33,"stat.pickup.scalinghealth.heartdust":1,"stat.craftItem.minecraft.sign":6,"stat.drop.minecraft.wooden_pickaxe":1,"stat.pickup.minecraft.gravel":23,"stat.pickup.minecraft.iron_sword":4,"stat.pickup.minecraft.arrow":213,"stat.craftItem.minecraft.cooked_porkchop":2,"stat.useItem.minecraft.glass_bottle":4,"stat.pickup.quark.glass_item_frame":1,"stat.pickup.roughtweaks.bandage":7,"stat.pickup.simpledifficulty.purified_water_bottle":7,"uvaraptor.kill":2,"stat.pickup.notreepunching.axe/flint":3,"geist.kill":2,"stat.useItem.minecraft.rotten_flesh":1,"stat.pickup.minecraft.stone_brick_stairs":5,"stat.jump":2707,"stat.pickup.minecraft.fence":3,"stat.pickup.minecraft.coal":101,"stat.useItem.minecraft.experience_bottle":1,"stat.fallOneCm":59626,"stat.pickup.minecraft.iron_ingot":5,"stat.pickup.scalinghealth.crystalshard":1,"stat.pickup.foodexpansion.itemwolfmeat":3,"stat.pickup.minecraft.carrot":1,"stat.useItem.notreepunching.axe/flint":47,"stat.craftItem.minecraft.bread":5,"stat.drop.minecraft.wooden_sword":1,"stat.pickup.minecraft.gunpowder":5,"stat.crouchOneCm":50862,"stat.mineBlock.minecraft.chest":8,"stat.craftItem.minecraft.iron_ingot":34,"stat.pickup.minecraft.dirt":17,"stat.mineBlock.realistictorches.torch_lit":1,"stat.craftingTableInteraction":42,"stat.pickup.minecraft.iron_ore":51,"stat.pickup.minecraft.stone_shovel":1,"reaper.kill":1,"stat.mineBlock.minecraft.iron_bars":1,"stat.pickup.minecraft.iron_axe":3,"stat.useItem.spartanweaponry.hammer_iron":254,"stat.damageTaken":5052,"stat.pickup.minecraft.leather":15,"stat.drop.minecraft.iron_hoe":2,"stat.pickup.minecraft.feather":39,"stat.pickup.notreepunching.rock/stone":99,"stat.mineBlock.minecraft.furnace":6,"stat.mineBlock.minecraft.torch":2,"stat.useItem.minecraft.furnace":5,"stat.useItem.minecraft.wooden_pickaxe":15,"stat.craftItem.minecraft.wooden_sword":1,"stat.pickup.minecraft.dye":16,"stat.pickup.minecraft.planks":70,"stat.pickup.minecraft.iron_leggings":1,"stat.pickup.minecraft.bed":3,"stat.pickup.minecraft.wheat_seeds":79,"stat.pickup.minecraft.potato":2,"stat.pickup.minecraft.emerald_block":2,"stat.mineBlock.minecraft.gravel":27,"stat.useItem.minecraft.stone_pickaxe":248,"stat.craftItem.notreepunching.pickaxe/flint":1,"stat.mineBlock.minecraft.glass":1,"stat.useItem.minecraft.stone_sword":137,"stat.damageDealt":23197,"stat.useItem.minecraft.wool":1,"stat.sleepInBed":15,"stat.killEntity.Cow":7,"stat.pickup.minecraft.ice":12,"stat.mineBlock.minecraft.dirt":20,"stat.drop.notreepunching.axe/flint":1,"stat.pickup.minecraft.chainmail_boots":2,"stat.drop.minecraft.stick":1,"stat.pickup.spartanweaponry.crossbow_bronze":2,"stat.walkOneCm":748739,"stat.useItem.minecraft.bread":4,"stat.animalsBred":3,"stat.useItem.minecraft.chest":7,"stat.drop.minecraft.item_frame":1,"stat.pickup.minecraft.stick":74,"feradon.kill":2,"stat.useItem.minecraft.log":18,"stat.pickup.minecraft.crafting_table":7,"stat.useItem.minecraft.cobblestone":36,"stat.pickup.lycanitesmobs.ventoraptorskull":3,"stat.craftItem.minecraft.crafting_table":2,"stat.craftItem.minecraft.leather_boots":1,"stat.useItem.minecraft.gravel":5,"stat.mineBlock.minecraft.double_plant":9,"reiver.kill":2,"stat.pickup.minecraft.iron_hoe":2,"stat.pickup.minecraft.log":20,"stat.pickup.minecraft.compass":1,"stat.craftItem.locks.wood_lock_pick":1,"stat.pickup.notreepunching.grass_fiber":38,"stat.pickup.wolfarmor.gold_wolf_armor":2,"stat.pickup.minecraft.iron_pickaxe":2,"stat.pickup.minecraft.tnt":4,"stat.craftItem.realistictorches.torch_unlit":68,"stat.mineBlock.minecraft.wool":1,"stat.pickup.minecraft.chainmail_leggings":6,"stat.useItem.rustic.grapes":54,"stat.pickup.minecraft.ender_pearl":2,"stat.pickup.minecraft.wooden_door":1,"stat.pickup.minecraft.chorus_fruit":2,"stat.pickup.minecraft.cooked_beef":38,"stat.pickup.minecraft.gold_ingot":3,"stat.pickup.notreepunching.flint_shard":8,"stat.killEntity.Skeleton":44,"stat.drop.minecraft.bow":2,"stat.pickup.roughtweaks.salve":9,"stat.mineBlock.minecraft.tnt":4,"stat.drop.spartanweaponry.hammer_iron":1,"stat.mineBlock.minecraft.stonebrick":97,"stat.useItem.minecraft.iron_sword":5,"stat.pickup.rustic.grapes":260,"stat.useItem.spartanweaponry.lance_iron":9,"stat.pickup.minecraft.stone_sword":1,"stat.pickup.minecraft.bread":5,"stat.drop.minecraft.filled_map":1,"stat.mobKills":141,"stat.craftItem.minecraft.shears":1,"stat.useItem.minecraft.mossy_cobblestone":23,"stat.pickup.minecraft.water_bucket":4,"stat.craftItem.spartanweaponry.halberd_iron":1,"stat.craftItem.notreepunching.axe/flint":2,"stat.mineBlock.minecraft.leaves":3,"stat.bountiesCompleted":2,"stat.pickup.spartanweaponry.lance_iron":2,"stat.pickup.minecraft.torch":4,"stat.sneakTime":16370,"stat.pickup.minecraft.wool":52,"stat.pickup.minecraft.stone_slab":14,"stat.craftItem.minecraft.compass":1,"stat.craftItem.notreepunching.knife/flint":1,"stat.mineBlock.minecraft.stone":55,"stat.craftItem.minecraft.cobblestone":21,"stat.pickup.minecraft.chest":25}