{"stat.pickup.lycanitesmobs.chaosorbcharge":2,"stat.leaveGame":24,"stat.useItem.minecraft.soul_sand":1,"stat.drop.bountiful.bounty":1,"stat.killEntity.trumpetskeleton.TrumpetSkeleton":1,"stat.craftItem.minecraft.string":8,"stat.useItem.minecraft.planks":4,"stat.mineBlock.minecraft.web":2,"stat.pickup.minecraft.glowstone_dust":43,"stat.pickup.minecraft.porkchop":2,"stat.pickup.minecraft.blaze_powder":8,"stat.pickup.minecraft.glass":4,"stat.pickup.spartanshields.shield_basic_wood":8,"stat.useItem.minecraft.water_bucket":9,"stat.mineBlock.minecraft.stone_brick_stairs":2,"stat.pickup.minecraft.rotten_flesh":44,"stat.craftItem.minecraft.stone_axe":1,"stat.pickup.spartanweaponry.greatsword_bronze":3,"stat.pickup.minecraft.bucket":1,"stat.useItem.minecraft.rail":1,"stat.drop.lycanitesmobs.scorchfireballcharge":1,"stat.pickup.iceandfire.ash":24,"stat.craftItem.spartanshields.shield_basic_wood":2,"stat.craftItem.minecraft.wooden_pickaxe":1,"stat.craftItem.simpledifficulty.purified_water_bottle":3,"stat.craftItem.minecraft.bed":2,"stat.trappedChestTriggered":1,"stat.mineBlock.minecraft.vine":1,"stat.furnaceInteraction":52,"stat.craftItem.spartanweaponry.material":1,"stat.killEntity.ZombieVillager":1,"stat.pickup.simpledifficulty.wool_leggings":9,"stat.drop.lycanitesmobs.spectralboltcharge":2,"stat.pickup.iceandfire.manuscript":9,"stat.pickup.minecraft.beef":25,"stat.pickup.minecraft.furnace":3,"stat.pickup.lycanitesmobs.spectralboltcharge":2,"stat.pickup.minecraft.hay_block":19,"stat.pickup.minecraft.leather_helmet":4,"stat.pickup.minecraft.iron_chestplate":4,"stat.drop.spartanweaponry.rapier_stone":1,"stat.pickup.notreepunching.rock/granite":32,"stat.mineBlock.iceandfire.ash":13,"afrit.kill":1,"stat.pickup.simpledifficulty.wool_boots":10,"stat.deaths":20,"stat.pickup.minecraft.egg":3,"stat.playOneMinute":236794,"stat.pickup.minecraft.clock":6,"stat.pickup.minecraft.item_frame":9,"stat.mineBlock.minecraft.tallgrass":27,"stat.craftItem.minecraft.cooked_mutton":7,"stat.chestOpened":135,"stat.pickup.minecraft.spruce_door":3,"stat.useItem.minecraft.stone":1,"stat.pickup.minecraft.arrow":18,"stat.pickup.minecraft.iron_sword":1,"stat.mineBlock.minecraft.ice":28,"maka.kill":1,"stat.pickup.minecraft.gold_nugget":69,"stat.pickup.notreepunching.axe/flint":6,"stat.drop.spartanshields.shield_basic_wood":1,"stat.fallOneCm":46320,"stat.pickup.minecraft.carrot":48,"stat.crouchOneCm":61809,"stat.pickup.minecraft.rail":3,"stat.craftItem.minecraft.iron_ingot":14,"stat.craftItem.minecraft.chest":1,"stat.craftItem.simpledifficulty.wool_chestplate":2,"stat.craftingTableInteraction":44,"stat.drop.simpledifficulty.wool_boots":1,"stat.pickup.minecraft.wooden_pickaxe":3,"stat.pickup.minecraft.feather":11,"stat.useItem.minecraft.furnace":2,"gnekk.kill":1,"stat.craftItem.spartanweaponry.rapier_stone":1,"stat.pickup.minecraft.dye":8,"stat.pickup.minecraft.planks":161,"stat.pickup.minecraft.iron_leggings":4,"stat.pickup.minecraft.wheat_seeds":261,"tremor.kill":1,"stat.mineBlock.minecraft.gravel":27,"stat.useItem.minecraft.stone_pickaxe":357,"stat.useItem.minecraft.stone_sword":74,"stat.useItem.minecraft.wool":1,"stat.mineBlock.minecraft.dirt":18,"arisaur.kill":1,"stat.useItem.minecraft.bread":5,"stat.useItem.minecraft.torch":16,"stat.pickup.minecraft.golden_apple":1,"stat.useItem.minecraft.log":20,"stat.useItem.minecraft.cobblestone":21,"stat.useItem.minecraft.gravel":21,"stat.pickup.minecraft.iron_hoe":7,"stat.pickup.minecraft.log":49,"stat.pickup.simpledifficulty.ice_chunk":18,"stat.craftItem.minecraft.gold_ingot":4,"stat.pickup.minecraft.chicken":5,"stat.pickup.notreepunching.cobblestone/andesite":6,"stat.pickup.notreepunching.flint_shard":4,"stat.craftItem.minecraft.bucket":2,"stat.mineBlock.iceandfire.goldpile":7,"stat.pickup.minecraft.stone_sword":7,"stat.pickup.minecraft.book":5,"stat.pickup.lycanitesmobs.lifedraincharge":2,"stat.mineBlock.minecraft.log":22,"stat.craftItem.minecraft.cooked_chicken":5,"stat.drop.simpledifficulty.purified_water_bottle":1,"stat.useItem.minecraft.spruce_door":1,"stat.craftItem.notreepunching.axe/flint":3,"stat.pickup.minecraft.red_flower":1,"stat.sneakTime":23218,"stat.pickup.minecraft.wool":188,"stat.pickup.rustic.chili_pepper_seeds":4,"stat.pickup.minecraft.stone_slab":1,"stat.craftItem.simpledifficulty.wool_leggings":2,"stat.craftItem.minecraft.cobblestone":163,"stat.useItem.spartanweaponry.rapier_stone":98,"stat.pickup.minecraft.bone":14,"stat.drop.foodexpansion.itemlollipop":1,"stat.mineBlock.minecraft.cobblestone":4,"stat.pickup.minecraft.stone_pickaxe":9,"stat.pickup.minecraft.flint":8,"stat.mineBlock.traverse.blue_rock":1,"stat.pickup.notreepunching.rock/andesite":6,"stat.pickup.minecraft.leather_chestplate":2,"stat.mineBlock.minecraft.stained_glass_pane":7,"stat.swimOneCm":24524,"stat.climbOneCm":8658,"stat.useItem.minecraft.dirt":5,"stat.useItem.minecraft.stone_slab2":40,"stat.pickup.minecraft.stone_hoe":3,"stat.pickup.minecraft.golden_axe":2,"stat.useItem.minecraft.egg":3,"stat.craftItem.simpledifficulty.wool_boots":2,"stat.craftItem.minecraft.stone_pickaxe":3,"stat.craftItem.minecraft.cooked_beef":39,"stat.pickup.minecraft.cobblestone":541,"stat.flyOneCm":387858,"stat.pickup.minecraft.glass_bottle":9,"stat.pickup.minecraft.soul_sand":4,"stat.useItem.minecraft.cooked_beef":8,"stat.craftItem.simpledifficulty.wool_helmet":1,"stat.mineBlock.minecraft.iron_ore":23,"stat.timeSinceDeath":0,"stat.pickup.spartanweaponry.rapier_stone":9,"stat.drop.spartanweaponry.greatsword_bronze":3,"stat.pickup.minecraft.mutton":3,"stat.craftItem.lycanitesmobs.cooked_maka_meat":1,"stat.pickup.minecraft.spruce_fence":4,"krake.kill":1,"stat.pickup.minecraft.iron_shovel":2,"stat.drop.minecraft.wool":75,"stat.mineBlock.minecraft.coal_ore":114,"stat.craftItem.minecraft.ice":4,"stat.killEntity.Creeper":1,"stat.talkedToVillager":1,"stat.pickup.minecraft.string":30,"stat.pickup.lycanitesmobs.scorchfireballcharge":36,"stat.entityKilledBy.Skeleton":2,"stat.craftItem.minecraft.stone_slab2":0,"stat.pickup.iceandfire.silver_axe":2,"stat.pickup.lycanitesmobs.raw_arisaur_meat":1,"stat.sprintOneCm":863005,"stat.mineBlock.minecraft.stone_slab":1,"stat.drop.minecraft.potion":1,"stat.useItem.carryon.tile_item":4,"stat.pickup.foodexpansion.itemcookedbacon":11,"stat.waystones:waystonesActivated":1,"stat.entityKilledBy.Creeper":2,"stat.mineBlock.minecraft.planks":24,"stat.drop":100,"stat.pickup.minecraft.stone_button":2,"stat.killEntity.Sheep":2,"stat.killEntity.Zombie":6,"stat.pickup.iceandfire.chared_dirt":12,"stat.pickup.quark.smoker":2,"stat.diveOneCm":26811,"stat.pickup.minecraft.wheat":113,"stat.pickup.simpledifficulty.wool_helmet":1,"stat.mineBlock.notreepunching.cobblestone/andesite":1,"stat.mineBlock.minecraft.stone_button":1,"stat.craftItem.foodexpansion.itemcookedbacon":11,"stat.pickup.minecraft.gravel":32,"stat.drop.minecraft.cooked_beef":8,"stat.craftItem.minecraft.cooked_porkchop":10,"stat.pickup.minecraft.stone_axe":2,"stat.useItem.minecraft.apple":5,"stat.pickup.simpledifficulty.purified_water_bottle":7,"stat.useItem.minecraft.potion":2,"stat.useItem.minecraft.rotten_flesh":1,"stat.jump":2345,"stat.pickup.minecraft.fence":1,"stat.pickup.minecraft.coal":157,"stat.pickup.minecraft.iron_helmet":1,"stat.pickup.minecraft.iron_ingot":35,"stat.useItem.minecraft.stone_axe":8,"stat.useItem.notreepunching.axe/flint":53,"stat.craftItem.minecraft.bread":33,"stat.pickup.minecraft.gunpowder":34,"stat.useItem.minecraft.stone_button":1,"stat.pickup.minecraft.dirt":31,"stat.pickup.minecraft.iron_ore":42,"stat.pickup.lycanitesmobs.poisongland":4,"reaper.kill":1,"stat.mineBlock.minecraft.glass_pane":9,"stat.damageTaken":6575,"stat.pickup.minecraft.leather":71,"stat.pickup.notreepunching.rock/stone":1813,"stat.pickup.lycanitesmobs.raw_maka_meat":2,"stat.mineBlock.minecraft.furnace":3,"stat.mineBlock.minecraft.torch":15,"stat.useItem.minecraft.wooden_pickaxe":59,"stat.entityKilledBy.ZombieVillager":2,"stat.pickup.minecraft.bed":6,"stat.entityKilledBy.Zombie":4,"stat.pickup.iceandfire.armor_silver_metal_boots":2,"stat.mineBlock.quark.smoker":1,"stat.damageDealt":5729,"stat.pickup.iceandfire.chared_grass":8,"stat.pickup.simpledifficulty.wool_chestplate":6,"stat.sleepInBed":20,"stat.killEntity.Cow":9,"stat.drop.notreepunching.axe/flint":1,"geonach.kill":1,"stat.walkOneCm":506421,"stat.animalsBred":1,"stat.playerKills":2,"stat.pickup.bountifulbaubles.spectralsilt":3,"stat.pickup.minecraft.stick":64,"stat.craftItem.quark.custom_chest":1,"spriggan.kill":1,"stat.pickup.foodexpansion.itemchocolatebar":1,"stat.pickup.foodexpansion.itemlollipop":1,"stat.pickup.lycanitesmobs.cooked_maka_meat":1,"stat.craftItem.minecraft.wheat":54,"stat.pickup.notreepunching.grass_fiber":1,"stat.pickup.minecraft.tnt":2,"stat.useItem.minecraft.item_frame":3,"stat.pickup.minecraft.stone":9,"stat.mineBlock.minecraft.wool":42,"stat.pickup.bountiful.bounty":2,"stat.craftItem.minecraft.hay_block":11,"stat.pickup.minecraft.cooked_beef":90,"stat.mineBlock.minecraft.tnt":2,"stat.mineBlock.minecraft.stonebrick":1,"stat.killEntity.Chicken":7,"stat.killEntity.Spider":1,"stat.pickup.minecraft.bread":2,"stat.mineBlock.minecraft.glowstone":6,"stat.drop.minecraft.clock":2,"stat.mobKills":42,"stat.pickup.minecraft.quartz":6,"stat.pickup.minecraft.water_bucket":2,"stat.pickup.minecraft.golden_shovel":2,"stat.mineBlock.minecraft.leaves":24,"stat.pickup.minecraft.torch":41,"stat.drop.minecraft.beef":1,"stat.mineBlock.minecraft.hay_block":6,"stat.mineBlock.minecraft.stone":224}