{"stat.pickup.lycanitesmobs.chaosorbcharge":2,"stat.leaveGame":6,"stat.useItem.minecraft.mutton":4,"stat.craftItem.minecraft.string":8,"stat.useItem.minecraft.planks":11,"stat.pickup.minecraft.glowstone_dust":8,"stat.pickup.minecraft.porkchop":3,"stat.pickup.spartanshields.shield_basic_wood":6,"stat.pickup.minecraft.rotten_flesh":58,"stat.craftItem.minecraft.stone_axe":1,"stat.pickup.spartanweaponry.greatsword_bronze":6,"stat.pickup.minecraft.bucket":1,"stat.pickup.minecraft.leather_boots":2,"stat.entityKilledBy.firedragon":1,"stat.mineBlock.minecraft.sand":1,"stat.pickup.iceandfire.ash":7,"stat.craftItem.spartanshields.shield_basic_wood":3,"stat.craftItem.minecraft.wooden_pickaxe":2,"stat.craftItem.simpledifficulty.purified_water_bottle":1,"stat.craftItem.minecraft.bed":1,"stat.trappedChestTriggered":12,"banshee.kill":1,"stat.furnaceInteraction":30,"stat.craftItem.spartanweaponry.material":3,"stat.entityKilledBy.if_troll":1,"stat.pickup.iceandfire.dragon_skull":1,"stat.pickup.iceandfire.manuscript":3,"stat.pickup.minecraft.beef":27,"stat.pickup.minecraft.furnace":1,"stat.useItem.minecraft.cooked_mutton":3,"stat.pickup.minecraft.leather_helmet":6,"stat.pickup.minecraft.iron_chestplate":1,"stat.pickup.minecraft.skull":4,"stat.pickup.notreepunching.rock/granite":65,"stat.pickup.simpledifficulty.wool_boots":7,"stat.pickup.minecraft.emerald":2,"stat.pickup.minecraft.saddle":1,"stat.pickup.lycanitesmobs.raw_krake_meat":4,"stat.useItem.minecraft.beef":6,"stat.mineBlock.minecraft.oak_stairs":1,"stat.deaths":23,"stat.pickup.minecraft.egg":12,"stat.playOneMinute":283206,"stat.pickup.minecraft.item_frame":3,"stat.useItem.spartanweaponry.greatsword_bronze":3,"stat.mineBlock.minecraft.tallgrass":37,"stat.craftItem.minecraft.cooked_mutton":2,"stat.pickup.minecraft.cooked_mutton":3,"stat.chestOpened":121,"stat.pickup.minecraft.spruce_door":1,"stat.pickup.minecraft.iron_sword":6,"stat.mineBlock.minecraft.ice":1,"stat.pickup.notreepunching.axe/flint":10,"stat.useItem.minecraft.experience_bottle":2,"stat.fallOneCm":24663,"stat.pickup.minecraft.carrot":24,"stat.crouchOneCm":22714,"stat.craftItem.minecraft.iron_ingot":19,"stat.craftItem.simpledifficulty.wool_chestplate":2,"stat.craftingTableInteraction":52,"stat.pickup.minecraft.wooden_pickaxe":5,"stat.pickup.minecraft.feather":16,"gnekk.kill":1,"stat.craftItem.spartanweaponry.rapier_stone":3,"stat.pickup.minecraft.planks":123,"stat.pickup.minecraft.iron_leggings":1,"stat.pickup.minecraft.wheat_seeds":144,"stat.mineBlock.minecraft.gravel":5,"stat.useItem.minecraft.stone_pickaxe":102,"stat.mineBlock.minecraft.glass":1,"stat.mineBlock.minecraft.dirt":38,"arisaur.kill":1,"stat.useItem.minecraft.torch":7,"stat.useItem.minecraft.log":18,"stat.pickup.minecraft.crafting_table":4,"stat.craftItem.minecraft.crafting_table":2,"stat.mineBlock.minecraft.double_plant":1,"stat.mineBlock.quark.stone_speleothem":2,"stat.pickup.minecraft.log":24,"stat.pickup.minecraft.chicken":20,"stat.pickup.minecraft.sapling":6,"stat.pickup.minecraft.apple":104,"stat.pickup.notreepunching.flint_shard":4,"stat.pickup.minecraft.stone_sword":1,"stat.pickup.minecraft.book":6,"stat.mineBlock.minecraft.log":13,"stat.pickup.minecraft.golden_sword":1,"stat.pickup.iceandfire.dragonbone":16,"stat.craftItem.notreepunching.axe/flint":1,"stat.pickup.minecraft.red_flower":5,"stat.sneakTime":8547,"stat.pickup.minecraft.wool":95,"stat.pickup.rustic.chili_pepper_seeds":10,"stat.pickup.minecraft.rabbit":3,"stat.pickup.minecraft.yellow_flower":1,"stat.craftItem.simpledifficulty.wool_leggings":2,"stat.craftItem.notreepunching.knife/flint":1,"stat.craftItem.minecraft.cobblestone":42,"stat.useItem.spartanweaponry.rapier_stone":149,"stat.pickup.minecraft.bone":12,"stat.drop.foodexpansion.itemlollipop":1,"stat.mineBlock.minecraft.cobblestone":2,"stat.pickup.minecraft.stone_pickaxe":3,"stat.pickup.minecraft.flint":15,"stat.mineBlock.minecraft.yellow_flower":1,"stat.pickup.minecraft.leather_chestplate":1,"stat.pickup.minecraft.flower_pot":1,"stat.swimOneCm":41595,"stat.climbOneCm":11039,"stat.pickup.minecraft.enchanted_book":1,"stat.useItem.minecraft.dirt":13,"stat.useItem.minecraft.stone_slab2":13,"stat.pickup.minecraft.bow":2,"stat.pickup.minecraft.stone_hoe":1,"stat.craftItem.minecraft.furnace":1,"stat.pickup.roughtweaks.plaster":6,"stat.useItem.minecraft.egg":2,"stat.pickup.minecraft.pumpkin_pie":12,"stat.craftItem.minecraft.stone_pickaxe":3,"stat.craftItem.simpledifficulty.wool_boots":2,"stat.craftItem.minecraft.cooked_beef":4,"stat.pickup.minecraft.cobblestone":63,"stat.flyOneCm":209641,"stat.pickup.minecraft.soul_sand":15,"stat.pickup.minecraft.glass_bottle":2,"stat.pickup.minecraft.fish":2,"wraamon.kill":1,"stat.useItem.minecraft.cooked_beef":8,"stat.craftItem.simpledifficulty.wool_helmet":1,"stat.mineBlock.minecraft.iron_ore":11,"stat.timeSinceDeath":8139,"stat.pickup.spartanweaponry.rapier_stone":4,"stat.pickup.minecraft.mutton":22,"stat.pickup.minecraft.spruce_fence":2,"stat.mineBlock.quark.stone_stairs":1,"krake.kill":1,"stat.talkedToVillager":2,"stat.pickup.minecraft.string":27,"stat.pickup.lycanitesmobs.scorchfireballcharge":5,"stat.pickup.variedcommodities.chain_skirt":7,"stat.entityKilledBy.Skeleton":3,"stat.craftItem.minecraft.stone_slab2":0,"stat.pickup.lycanitesmobs.raw_arisaur_meat":2,"stat.sprintOneCm":687101,"stat.pickup.traverse.blue_rock_cobblestone":1,"stat.pickup.foodexpansion.itemcookedbacon":11,"stat.mineBlock.minecraft.crafting_table":1,"stat.waystones:waystonesActivated":3,"stat.mineBlock.minecraft.planks":27,"stat.drop":1,"stat.pickup.minecraft.stone_button":13,"stat.killEntity.Sheep":9,"stat.pickup.minecraft.slime_ball":6,"stat.killEntity.Zombie":8,"stat.diveOneCm":31637,"stat.pickup.minecraft.wheat":79,"stat.mineBlock.notreepunching.cobblestone/andesite":1,"stat.useItem.minecraft.glass_bottle":1,"stat.pickup.minecraft.stone_axe":1,"stat.useItem.minecraft.apple":2,"stat.pickup.roughtweaks.bandage":5,"stat.pickup.simpledifficulty.purified_water_bottle":10,"stat.useItem.minecraft.rotten_flesh":3,"stat.jump":2076,"stat.pickup.minecraft.coal":64,"stat.pickup.minecraft.iron_helmet":6,"stat.pickup.minecraft.iron_ingot":1,"stat.useItem.minecraft.stone_axe":19,"stat.useItem.notreepunching.axe/flint":43,"stat.pickup.minecraft.gunpowder":12,"stat.pickup.minecraft.dirt":27,"stat.pickup.minecraft.experience_bottle":2,"stat.pickup.minecraft.iron_ore":22,"roc.kill":1,"stat.pickup.lycanitesmobs.poisongland":2,"stat.mineBlock.minecraft.glass_pane":4,"stat.damageTaken":6896,"stat.pickup.minecraft.leather":9,"stat.pickup.notreepunching.knife/flint":6,"stat.pickup.notreepunching.rock/stone":616,"stat.mineBlock.minecraft.torch":4,"stat.mineBlock.minecraft.red_flower":3,"stat.mineBlock.minecraft.furnace":1,"stat.pickup.minecraft.written_book":1,"stat.useItem.minecraft.wooden_pickaxe":54,"stat.pickup.classyhats.hat":2,"stat.killEntity.CaveSpider":1,"stat.pickup.minecraft.bed":3,"stat.pickup.minecraft.potato":1,"stat.entityKilledBy.Zombie":4,"stat.damageDealt":5449,"stat.pickup.simpledifficulty.wool_chestplate":4,"stat.sleepInBed":19,"stat.killEntity.Cow":4,"stat.walkOneCm":1566805,"stat.pickup.minecraft.stick":34,"stat.craftItem.quark.custom_chest":1,"stat.pickup.minecraft.clay_ball":8,"stat.pickup.foodexpansion.itemlollipop":7,"stat.pickup.lycanitesmobs.cooked_maka_meat":2,"stat.mineBlock.minecraft.wool":47,"stat.pickup.minecraft.cooked_beef":35,"stat.killEntity.Skeleton":1,"stat.killEntity.Chicken":2,"stat.killEntity.Spider":1,"stat.pickup.minecraft.bread":3,"stat.mobKills":35,"stat.pickup.minecraft.diamond":3,"stat.mineBlock.minecraft.leaves":6,"stat.pickup.minecraft.torch":26,"stat.mineBlock.minecraft.stone":132}