{"stat.useItem.minecraft.bow":4,"stat.drop.classyhats.hat":3,"stat.leaveGame":6,"stat.useItem.minecraft.planks":19,"stat.craftItem.minecraft.shield":1,"stat.craftItem.realistictorches.glowstone_crystal":1,"stat.mineBlock.minecraft.web":8,"stat.pickup.minecraft.glowstone_dust":26,"stat.pickup.minecraft.porkchop":3,"stat.useItem.minecraft.water_bucket":4,"stat.mineBlock.minecraft.stone_brick_stairs":1,"stat.pickup.minecraft.rotten_flesh":16,"stat.pickup.minecraft.sand":15,"stat.craftItem.minecraft.stone_axe":1,"stat.pickup.spartanweaponry.greatsword_bronze":1,"stat.useItem.locks.wood_lock_pick":3,"stat.craftItem.minecraft.stone_sword":1,"stat.mineBlock.minecraft.sand":15,"stat.useItem.minecraft.spawn_egg":1,"stat.craftItem.minecraft.wooden_pickaxe":1,"stat.craftItem.simpledifficulty.purified_water_bottle":22,"stat.craftItem.minecraft.bed":2,"stat.trappedChestTriggered":2,"stat.useItem.notreepunching.knife/flint":15,"stat.useItem.locks.diamond_lock_pick":3,"stat.mineBlock.minecraft.vine":3,"banshee.kill":4,"stat.furnaceInteraction":47,"stat.killEntity.ZombieVillager":1,"stat.pickup.simpledifficulty.wool_leggings":1,"stat.pickup.minecraft.beef":6,"stat.pickup.lycanitesmobs.spectralboltcharge":13,"stat.pickup.minecraft.skull":1,"stat.pickup.notreepunching.rock/granite":175,"stat.pickup.minecraft.potion":5,"stat.pickup.simpledifficulty.wool_boots":1,"stat.deaths":3,"stat.playOneMinute":231310,"stat.mineBlock.minecraft.stone_pressure_plate":1,"stat.pickup.minecraft.iron_bars":1,"stat.mineBlock.minecraft.tallgrass":32,"stat.chestOpened":92,"stat.pickup.minecraft.spruce_door":1,"stat.useItem.minecraft.stone":6,"stat.pickup.minecraft.arrow":6,"stat.mineBlock.minecraft.ice":2,"stat.craftItem.minecraft.iron_nugget":9,"stat.fallOneCm":42455,"stat.crouchOneCm":20219,"stat.craftItem.simpledifficulty.wool_chestplate":1,"stat.craftingTableInteraction":32,"stat.killEntity.jenny":1,"stat.craftItem.minecraft.wooden_sword":1,"stat.pickup.minecraft.planks":56,"stat.mineBlock.minecraft.spruce_fence":2,"stat.drop.simpledifficulty.ice_chunk":1,"stat.pickup.minecraft.wheat_seeds":5,"stat.craftItem.locks.iron_lock_pick":2,"stat.mineBlock.minecraft.gravel":57,"stat.useItem.minecraft.stone_pickaxe":299,"stat.useItem.minecraft.stone_sword":30,"stat.useItem.minecraft.wool":2,"stat.mineBlock.minecraft.dirt":90,"stat.drop.minecraft.stick":3,"stat.useItem.minecraft.bread":15,"stat.useItem.minecraft.torch":3,"stat.pickup.minecraft.crafting_table":1,"stat.useItem.minecraft.log":3,"stat.craftItem.minecraft.crafting_table":1,"stat.useItem.minecraft.gravel":40,"stat.pickup.minecraft.log":36,"stat.craftItem.realistictorches.torch_unlit":4,"stat.pickup.simpledifficulty.ice_chunk":1,"stat.drop.minecraft.planks":4,"stat.pickup.notreepunching.cobblestone/andesite":1,"stat.drop.minecraft.bow":2,"stat.pickup.notreepunching.flint_shard":4,"stat.craftItem.minecraft.bucket":1,"stat.pickup.minecraft.stone_sword":1,"stat.mineBlock.minecraft.log":14,"stat.pickup.quark.stone_stairs":1,"stat.drop.simpledifficulty.purified_water_bottle":7,"stat.craftItem.notreepunching.axe/flint":1,"stat.sneakTime":11035,"stat.pickup.minecraft.wool":138,"stat.pickup.minecraft.stone_slab":2,"stat.craftItem.simpledifficulty.wool_leggings":1,"stat.craftItem.notreepunching.knife/flint":1,"stat.craftItem.minecraft.cobblestone":11,"stat.useItem.spartanweaponry.rapier_stone":59,"stat.pickup.minecraft.bone":8,"stat.pickup.minecraft.redstone_torch":1,"stat.pickup.minecraft.stone_pressure_plate":1,"stat.horseOneCm":30342,"stat.drop.foodexpansion.itemlollipop":6,"stat.mineBlock.minecraft.cobblestone":8,"stat.pickup.minecraft.stone_pickaxe":3,"stat.pickup.minecraft.flint":17,"stat.pickup.notreepunching.rock/andesite":3,"stat.craftItem.notreepunching.grass_string":1,"stat.swimOneCm":14918,"stat.climbOneCm":4325,"stat.useItem.minecraft.dirt":33,"stat.useItem.minecraft.stone_slab2":36,"stat.pickup.minecraft.bow":5,"stat.useItem.locks.iron_lock_pick":1,"stat.useItem.minecraft.iron_ore":1,"stat.craftItem.simpledifficulty.wool_boots":1,"stat.craftItem.minecraft.stone_pickaxe":3,"stat.craftItem.minecraft.cooked_beef":6,"stat.pickup.minecraft.cobblestone":37,"stat.mineBlock.minecraft.clay":3,"stat.flyOneCm":498057,"stat.craftItem.minecraft.glass_bottle":15,"stat.pickup.minecraft.soul_sand":2,"stat.useItem.minecraft.cooked_beef":4,"stat.craftItem.simpledifficulty.wool_helmet":1,"stat.drop.minecraft.clay_ball":8,"stat.mineBlock.minecraft.iron_ore":22,"stat.timeSinceDeath":125019,"stat.pickup.spartanweaponry.rapier_stone":2,"stat.pickup.minecraft.stonebrick":1,"stat.pickup.minecraft.spruce_fence":1,"stat.mineBlock.minecraft.coal_ore":66,"stat.drop.minecraft.wool":51,"stat.killEntity.Creeper":2,"stat.talkedToVillager":8,"stat.pickup.minecraft.string":13,"stat.useItem.spartanfire.katana_dragonbone":2,"stat.craftItem.minecraft.stone_slab2":0,"stat.sprintOneCm":438864,"stat.mineBlock.minecraft.stone_slab":2,"stat.useItem.minecraft.stone_slab":1,"stat.useItem.carryon.tile_item":4,"stat.waystones:waystonesActivated":1,"stat.mineBlock.minecraft.planks":2,"stat.drop":53,"stat.useItem.minecraft.wooden_sword":17,"stat.killEntity.Zombie":13,"stat.diveOneCm":23438,"stat.pickup.simpledifficulty.wool_helmet":1,"stat.drop.minecraft.wooden_pickaxe":1,"stat.pickup.minecraft.gravel":48,"stat.useItem.minecraft.glass_bottle":25,"stat.pickup.minecraft.stone_axe":2,"stat.useItem.minecraft.potion":2,"stat.useItem.minecraft.rotten_flesh":4,"stat.useItem.notreepunching.rock/stone":1,"stat.pickup.minecraft.stone_brick_stairs":1,"stat.jump":2481,"stat.pickup.minecraft.coal":211,"stat.pickup.scalinghealth.crystalshard":1,"stat.useItem.minecraft.stone_axe":13,"stat.useItem.notreepunching.axe/flint":9,"stat.pickup.minecraft.gunpowder":6,"stat.drop.minecraft.wooden_sword":1,"stat.pickup.minecraft.spider_eye":1,"stat.craftItem.minecraft.torch":4,"stat.pickup.minecraft.dirt":68,"stat.pickup.minecraft.iron_ore":22,"reaper.kill":1,"stat.mineBlock.minecraft.iron_bars":1,"stat.mineBlock.minecraft.glass_pane":8,"stat.damageTaken":1389,"stat.pickup.minecraft.leather":7,"stat.pickup.notreepunching.knife/flint":1,"stat.pickup.notreepunching.rock/stone":403,"stat.mineBlock.minecraft.torch":3,"stat.useItem.minecraft.wooden_pickaxe":26,"stat.pickup.classyhats.hat":3,"stat.pickup.minecraft.ender_eye":1,"stat.pickup.locks.diamond_lock_pick":3,"stat.killEntity.CaveSpider":1,"stat.damageDealt":5388,"stat.craftItem.minecraft.glass":15,"stat.pickup.simpledifficulty.wool_chestplate":2,"stat.sleepInBed":15,"stat.killEntity.Cow":2,"stat.drop.notreepunching.axe/flint":1,"stat.walkOneCm":609243,"stat.playerKills":1,"stat.pickup.minecraft.stick":35,"stat.pickup.minecraft.clay_ball":8,"stat.pickup.foodexpansion.itemlollipop":7,"stat.craftItem.locks.wood_lock_pick":3,"stat.pickup.notreepunching.grass_fiber":13,"stat.pickup.minecraft.stone":14,"stat.mineBlock.minecraft.wool":47,"stat.pickup.minecraft.cooked_beef":6,"stat.killEntity.Skeleton":5,"stat.mineBlock.minecraft.stonebrick":1,"stat.drop.minecraft.crafting_table":2,"stat.killEntity.Spider":1,"stat.pickup.minecraft.bread":9,"stat.mineBlock.minecraft.glowstone":7,"stat.mobKills":29,"stat.pickup.minecraft.diamond":3,"stat.mineBlock.minecraft.leaves":6,"stat.pickup.minecraft.torch":5,"stat.drop.minecraft.stone_axe":1,"stat.mineBlock.minecraft.stone":218}